Optimal Found Or Timeout,Instances,,INTERRUPTED  ,Models       ,Calls        ,Time         ,CPU Time     ,,Choices      ,Conflicts    ,Restarts     ,Model-Level  ,Problems     ,Lemmas       ,  Binary     ,  Ternary    ,  Conflict   ,  Loop       ,  Other      ,Backjumps    ,  Executed   ,  Bounded    ,,Rules        ,  Choice     ,Atoms        ,Bodies       ,Equivalences ,Tight        ,Variables    ,Constraints  ,,DifferenceLogic,  Time init(s),  Mutexes    ,  [Thread 0],    Propagation(s),    Dijkstra(s),    Undo(s)  ,    True edges,    False edges,    False edges (inverse),    False edges (partial),    False edges (partial+),    Edges added,    Edges skipped,    Edges propagated,    Cost consistency,    Cost forward,    Cost backward,Completion Time for Window 1 ,Completion Time for Window 2 ,Number of Interrupted Calls ,Number of UnInterrupted Calls 
Solving...,Dmu36, ,[' 1'],[' 6397+'],[' 3201'],"[' 1007.893s (Solving', ' 977.72s 1st Model', ' 828.70s Unsat', ' 0.00s)']",[' 1005.328s'], ,[' 457548814'],"[' 3493056  (Analyzed', ' 178426)']","[' 3222     (Average', ' 55.38 Last', ' 17150)']",[' 9063.4  '],"[' 3201     (Average Length', ' 1582.15 Splits', ' 0)']","[' 1828743  (Deleted', ' 1650598)']","[' 693      (Ratio', '   0.04%)']","[' 90952    (Ratio', '   4.97%)']","[' 178426   (Average Length', '   44.6 Ratio', '   9.76%) ']","[' 0        (Average Length', '    0.0 Ratio', '   0.00%) ']","[' 1650317  (Average Length', '   29.3 Ratio', '  90.24%) ']","[' 178426   (Average', ' 36.40 Max', ' 6303 Sum', ' 6494274)']","[' 178426   (Average', ' 36.40 Max', ' 6303 Sum', ' 6494274 Ratio', ' 100.00%)']","[' 0        (Average', '  0.00 Max', '   0 Sum', '      0 Ratio', '   0.00%)']", ,[' 128272  '],[' 15154   '],[' 130378  '],[' 86901   '],"[' 260699   (Atom=Atom', ' 72745 Body=Body', ' 40604 Other', ' 147350)']",[' Yes'],"[' 18260    (Eliminated', '    0 Frozen', ' 18260)']","[' 10212    (Binary', ' 100.0% Ternary', '   0.0% Other', '   0.0%)']", , ,[' 5.64227'],[' 0'], ,[' 339.635'],[' 0'],[' 31.7171'],[' 0'],[' 0'],[' 0'],[' 0'],[' 0'],[' 1.85109e+09'],[' 1.72669e+09'],[' 0'],[' 1.50256e+10'],[' 0'],[' 0'],[' 4549 '],[' 8566 '],[' 2 '],[' 0 ']
Solving...,Dmu37, ,[' 1'],[' 6363+'],[' 3184'],"[' 1008.968s (Solving', ' 978.36s 1st Model', ' 873.15s Unsat', ' 0.00s)']",[' 1006.594s'], ,[' 441377263'],"[' 2595889  (Analyzed', ' 200921)']","[' 3269     (Average', ' 61.46 Last', ' 11591)']",[' 8470.9  '],"[' 3184     (Average Length', ' 1571.66 Splits', ' 0)']","[' 2036024  (Deleted', ' 1865640)']","[' 961      (Ratio', '   0.05%)']","[' 85187    (Ratio', '   4.18%)']","[' 200921   (Average Length', '   41.6 Ratio', '   9.87%) ']","[' 0        (Average Length', '    0.0 Ratio', '   0.00%) ']","[' 1835103  (Average Length', '   28.2 Ratio', '  90.13%) ']","[' 200921   (Average', ' 31.44 Max', ' 6320 Sum', ' 6316737)']","[' 200921   (Average', ' 31.44 Max', ' 6320 Sum', ' 6316737 Ratio', ' 100.00%)']","[' 0        (Average', '  0.00 Max', '   0 Sum', '      0 Ratio', '   0.00%)']", ,[' 125459  '],[' 14254   '],[' 127550  '],[' 83182   '],"[' 249542   (Atom=Atom', ' 69926 Body=Body', ' 39704 Other', ' 139912)']",[' Yes'],"[' 17345    (Eliminated', '    0 Frozen', ' 17345)']","[' 9505     (Binary', ' 100.0% Ternary', '   0.0% Other', '   0.0%)']", , ,[' 5.44933'],[' 0'], ,[' 339.429'],[' 0'],[' 30.8788'],[' 0'],[' 0'],[' 0'],[' 0'],[' 0'],[' 1.79252e+09'],[' 1.66997e+09'],[' 0'],[' 1.52598e+10'],[' 0'],[' 0'],[' 4383 '],[' 8509 '],[' 2 '],[' 0 ']
Solving...,Dmu38, ,[' 1'],[' 5911+'],[' 2958'],"[' 1007.544s (Solving', ' 980.53s 1st Model', ' 887.53s Unsat', ' 0.00s)']",[' 1004.625s'], ,[' 431662946'],"[' 2297344  (Analyzed', ' 225112)']","[' 3173     (Average', ' 70.95 Last', ' 22070)']",[' 8262.9  '],"[' 2958     (Average Length', ' 1461.23 Splits', ' 0)']","[' 2149479  (Deleted', ' 1982287)']","[' 926      (Ratio', '   0.04%)']","[' 83992    (Ratio', '   3.91%)']","[' 225112   (Average Length', '   41.5 Ratio', '  10.47%) ']","[' 0        (Average Length', '    0.0 Ratio', '   0.00%) ']","[' 1924367  (Average Length', '   27.3 Ratio', '  89.53%) ']","[' 225112   (Average', ' 28.49 Max', ' 5515 Sum', ' 6413246)']","[' 225112   (Average', ' 28.49 Max', ' 5515 Sum', ' 6413246 Ratio', ' 100.00%)']","[' 0        (Average', '  0.00 Max', '   0 Sum', '      0 Ratio', '   0.00%)']", ,[' 124577  '],[' 14035   '],[' 126443  '],[' 82081   '],"[' 246239   (Atom=Atom', ' 69044 Body=Body', ' 39485 Other', ' 137710)']",[' Yes'],"[' 16901    (Eliminated', '    0 Frozen', ' 16901)']","[' 10144    (Binary', ' 100.0% Ternary', '   0.0% Other', '   0.0%)']", , ,[' 5.07026'],[' 0'], ,[' 353.464'],[' 0'],[' 30.4905'],[' 0'],[' 0'],[' 0'],[' 0'],[' 0'],[' 1.81973e+09'],[' 1.69284e+09'],[' 0'],[' 1.74211e+10'],[' 0'],[' 0'],[' 4556 '],[' 8474 '],[' 2 '],[' 0 ']
Solving...,Dmu39, ,[' 1'],[' 6375+'],[' 3190'],"[' 1008.350s (Solving', ' 977.18s 1st Model', ' 876.03s Unsat', ' 0.00s)']",[' 1005.625s'], ,[' 441905821'],"[' 2843142  (Analyzed', ' 184718)']","[' 3367     (Average', ' 54.86 Last', ' 29898)']",[' 8840.7  '],"[' 3190     (Average Length', ' 1579.17 Splits', ' 0)']","[' 1837785  (Deleted', ' 1696165)']","[' 810      (Ratio', '   0.04%)']","[' 89945    (Ratio', '   4.89%)']","[' 184718   (Average Length', '   43.0 Ratio', '  10.05%) ']","[' 0        (Average Length', '    0.0 Ratio', '   0.00%) ']","[' 1653067  (Average Length', '   28.6 Ratio', '  89.95%) ']","[' 184718   (Average', ' 33.90 Max', ' 5230 Sum', ' 6262392)']","[' 184718   (Average', ' 33.90 Max', ' 5230 Sum', ' 6262392 Ratio', ' 100.00%)']","[' 0        (Average', '  0.00 Max', '   0 Sum', '      0 Ratio', '   0.00%)']", ,[' 126955  '],[' 14722   '],[' 129065  '],[' 85140   '],"[' 255416   (Atom=Atom', ' 71416 Body=Body', ' 40172 Other', ' 143828)']",[' Yes'],"[' 17832    (Eliminated', '    0 Frozen', ' 17832)']","[' 9922     (Binary', ' 100.0% Ternary', '   0.0% Other', '   0.0%)']", , ,[' 5.86325'],[' 0'], ,[' 334.869'],[' 0'],[' 30.9878'],[' 0'],[' 0'],[' 0'],[' 0'],[' 0'],[' 1.83124e+09'],[' 1.71262e+09'],[' 0'],[' 1.42076e+10'],[' 0'],[' 0'],[' 4580 '],[' 8986 '],[' 2 '],[' 0 ']
Solving...,Dmu40, ,[' 1'],[' 7091+'],[' 3548'],"[' 1009.936s (Solving', ' 976.74s 1st Model', ' 830.67s Unsat', ' 0.00s)']",[' 1007.750s'], ,[' 436912651'],"[' 2681907  (Analyzed', ' 225261)']","[' 3547     (Average', ' 63.51 Last', ' 41520)']",[' 8500.5  '],"[' 3548     (Average Length', ' 1743.58 Splits', ' 0)']","[' 2156578  (Deleted', ' 2000564)']","[' 937      (Ratio', '   0.04%)']","[' 84417    (Ratio', '   3.91%)']","[' 225261   (Average Length', '   39.3 Ratio', '  10.45%) ']","[' 0        (Average Length', '    0.0 Ratio', '   0.00%) ']","[' 1931317  (Average Length', '   26.7 Ratio', '  89.55%) ']","[' 225261   (Average', ' 27.68 Max', ' 5516 Sum', ' 6234896)']","[' 225261   (Average', ' 27.68 Max', ' 5516 Sum', ' 6234896 Ratio', ' 100.00%)']","[' 0        (Average', '  0.00 Max', '   0 Sum', '      0 Ratio', '   0.00%)']", ,[' 125253  '],[' 14064   '],[' 127641  '],[' 82788   '],"[' 248360   (Atom=Atom', ' 69722 Body=Body', ' 39514 Other', ' 139124)']",[' Yes'],"[' 17452    (Eliminated', '    0 Frozen', ' 17452)']","[' 9583     (Binary', ' 100.0% Ternary', '   0.0% Other', '   0.0%)']", , ,[' 5.9744'],[' 0'], ,[' 340.876'],[' 0'],[' 30.5239'],[' 0'],[' 0'],[' 0'],[' 0'],[' 0'],[' 1.76749e+09'],[' 1.64445e+09'],[' 0'],[' 1.47246e+10'],[' 0'],[' 0'],[' 4326 '],[' 8249 '],[' 2 '],[' 0 ']
Solving...,Dmu76, ,[' 1'],[' 8887+'],[' 4446'],"[' 1009.104s (Solving', ' 969.57s 1st Model', ' 841.65s Unsat', ' 0.00s)']",[' 1006.156s'], ,[' 426280602'],"[' 4665697  (Analyzed', ' 235068)']","[' 4345     (Average', ' 54.10 Last', ' 12824)']",[' 8303.8  '],"[' 4446     (Average Length', ' 2183.60 Splits', ' 0)']","[' 2345067  (Deleted', ' 2197875)']","[' 473      (Ratio', '   0.02%)']","[' 60142    (Ratio', '   2.56%)']","[' 235068   (Average Length', '   30.8 Ratio', '  10.02%) ']","[' 0        (Average Length', '    0.0 Ratio', '   0.00%) ']","[' 2109999  (Average Length', '   20.7 Ratio', '  89.98%) ']","[' 235068   (Average', ' 28.63 Max', ' 4659 Sum', ' 6730404)']","[' 235068   (Average', ' 28.63 Max', ' 4659 Sum', ' 6730404 Ratio', ' 100.00%)']","[' 0        (Average', '  0.00 Max', '   0 Sum', '      0 Ratio', '   0.00%)']", ,[' 119067  '],[' 11919   '],[' 122332  '],[' 74573   '],"[' 223715   (Atom=Atom', ' 63652 Body=Body', ' 37369 Other', ' 122694)']",[' Yes'],"[' 16184    (Eliminated', '    0 Frozen', ' 16184)']","[' 6475     (Binary', ' 100.0% Ternary', '   0.0% Other', '   0.0%)']", , ,[' 8.02227'],[' 0'], ,[' 364.194'],[' 0'],[' 29.4302'],[' 0'],[' 0'],[' 0'],[' 0'],[' 0'],[' 1.65907e+09'],[' 1.5132e+09'],[' 0'],[' 1.77722e+10'],[' 0'],[' 0'],[' 3380 '],[' 6435 '],[' 2 '],[' 0 ']
Solving...,Dmu77, ,[' 1'],[' 7479+'],[' 3742'],"[' 1008.159s (Solving', ' 978.14s 1st Model', ' 708.09s Unsat', ' 0.00s)']",[' 1004.984s'], ,[' 438726529'],"[' 3082918  (Analyzed', ' 412319)']","[' 3960     (Average', ' 104.12 Last', ' 53888)']",[' 7769.3  '],"[' 3742     (Average Length', ' 1854.44 Splits', ' 0)']","[' 3138352  (Deleted', ' 3020005)']","[' 636      (Ratio', '   0.02%)']","[' 62543    (Ratio', '   1.99%)']","[' 412319   (Average Length', '   28.7 Ratio', '  13.14%) ']","[' 0        (Average Length', '    0.0 Ratio', '   0.00%) ']","[' 2726033  (Average Length', '   21.0 Ratio', '  86.86%) ']","[' 412319   (Average', ' 17.39 Max', ' 4226 Sum', ' 7170151)']","[' 412319   (Average', ' 17.39 Max', ' 4226 Sum', ' 7170151 Ratio', ' 100.00%)']","[' 0        (Average', '  0.00 Max', '   0 Sum', '      0 Ratio', '   0.00%)']", ,[' 118307  '],[' 11900   '],[' 120935  '],[' 73798   '],"[' 221390   (Atom=Atom', ' 62896 Body=Body', ' 37350 Other', ' 121144)']",[' Yes'],"[' 15528    (Eliminated', '    0 Frozen', ' 15528)']","[' 6776     (Binary', ' 100.0% Ternary', '   0.0% Other', '   0.0%)']", , ,[' 6.08383'],[' 0'], ,[' 397.054'],[' 0'],[' 30.9417'],[' 0'],[' 0'],[' 0'],[' 0'],[' 0'],[' 1.62468e+09'],[' 1.4754e+09'],[' 0'],[' 2.08543e+10'],[' 0'],[' 0'],[' 3151 '],[' 6827 '],[' 2 '],[' 0 ']
Solving...,Dmu78, ,[' 1'],[' 8467+'],[' 4236'],"[' 1010.103s (Solving', ' 973.44s 1st Model', ' 869.00s Unsat', ' 0.00s)']",[' 1006.828s'], ,[' 430303530'],"[' 3396423  (Analyzed', ' 277539)']","[' 4043     (Average', ' 68.65 Last', ' 35946)']",[' 8079.0  '],"[' 4236     (Average Length', ' 2078.57 Splits', ' 0)']","[' 2541491  (Deleted', ' 2401361)']","[' 537      (Ratio', '   0.02%)']","[' 65025    (Ratio', '   2.56%)']","[' 277539   (Average Length', '   31.5 Ratio', '  10.92%) ']","[' 0        (Average Length', '    0.0 Ratio', '   0.00%) ']","[' 2263952  (Average Length', '   21.3 Ratio', '  89.08%) ']","[' 277539   (Average', ' 24.29 Max', ' 5043 Sum', ' 6741902)']","[' 277539   (Average', ' 24.29 Max', ' 5043 Sum', ' 6741902 Ratio', ' 100.00%)']","[' 0        (Average', '  0.00 Max', '   0 Sum', '      0 Ratio', '   0.00%)']", ,[' 118963  '],[' 11955   '],[' 122022  '],[' 74507   '],"[' 223517   (Atom=Atom', ' 63550 Body=Body', ' 37405 Other', ' 122562)']",[' Yes'],"[' 16014    (Eliminated', '    0 Frozen', ' 16014)']","[' 6769     (Binary', ' 100.0% Ternary', '   0.0% Other', '   0.0%)']", , ,[' 7.35431'],[' 0'], ,[' 366.365'],[' 0'],[' 29.8697'],[' 0'],[' 0'],[' 0'],[' 0'],[' 0'],[' 1.65549e+09'],[' 1.51222e+09'],[' 0'],[' 1.74572e+10'],[' 0'],[' 0'],[' 3257 '],[' 6651 '],[' 2 '],[' 0 ']
Solving...,Dmu79, ,[' 1'],[' 6837+'],[' 3421'],"[' 1007.668s (Solving', ' 979.62s 1st Model', ' 894.12s Unsat', ' 0.00s)']",[' 1004.656s'], ,[' 446469239'],"[' 2611292  (Analyzed', ' 316153)']","[' 3555     (Average', ' 88.93 Last', ' 28936)']",[' 7610.5  '],"[' 3421     (Average Length', ' 1691.62 Splits', ' 0)']","[' 2827378  (Deleted', ' 2676822)']","[' 520      (Ratio', '   0.02%)']","[' 60936    (Ratio', '   2.16%)']","[' 316153   (Average Length', '   30.0 Ratio', '  11.18%) ']","[' 0        (Average Length', '    0.0 Ratio', '   0.00%) ']","[' 2511225  (Average Length', '   20.7 Ratio', '  88.82%) ']","[' 316153   (Average', ' 23.10 Max', ' 4534 Sum', ' 7304020)']","[' 316153   (Average', ' 23.10 Max', ' 4534 Sum', ' 7304020 Ratio', ' 100.00%)']","[' 0        (Average', '  0.00 Max', '   0 Sum', '      0 Ratio', '   0.00%)']", ,[' 118012  '],[' 11908   '],[' 120311  '],[' 73515   '],"[' 220541   (Atom=Atom', ' 62605 Body=Body', ' 37358 Other', ' 120578)']",[' Yes'],"[' 15207    (Eliminated', '    0 Frozen', ' 15207)']","[' 6605     (Binary', ' 100.0% Ternary', '   0.0% Other', '   0.0%)']", , ,[' 5.58742'],[' 0'], ,[' 369.322'],[' 0'],[' 31.4557'],[' 0'],[' 0'],[' 0'],[' 0'],[' 0'],[' 1.6782e+09'],[' 1.5206e+09'],[' 0'],[' 1.72051e+10'],[' 0'],[' 0'],[' 3458 '],[' 6580 '],[' 2 '],[' 0 ']
Solving...,Dmu80, ,[' 1'],[' 8245+'],[' 4125'],"[' 1009.335s (Solving', ' 975.43s 1st Model', ' 577.69s Unsat', ' 0.00s)']",[' 1006.844s'], ,[' 427647889'],"[' 3164972  (Analyzed', ' 481895)']","[' 4222     (Average', ' 114.14 Last', ' 28361)']",[' 7998.3  '],"[' 4125     (Average Length', ' 2037.01 Splits', ' 0)']","[' 3373086  (Deleted', ' 3247361)']","[' 489      (Ratio', '   0.01%)']","[' 61135    (Ratio', '   1.81%)']","[' 481895   (Average Length', '   28.0 Ratio', '  14.29%) ']","[' 0        (Average Length', '    0.0 Ratio', '   0.00%) ']","[' 2891191  (Average Length', '   21.2 Ratio', '  85.71%) ']","[' 481895   (Average', ' 14.73 Max', ' 4462 Sum', ' 7097373)']","[' 481895   (Average', ' 14.73 Max', ' 4462 Sum', ' 7097373 Ratio', ' 100.00%)']","[' 0        (Average', '  0.00 Max', '   0 Sum', '      0 Ratio', '   0.00%)']", ,[' 119002  '],[' 11994   '],[' 121989  '],[' 74557   '],"[' 223667   (Atom=Atom', ' 63561 Body=Body', ' 37444 Other', ' 122662)']",[' Yes'],"[' 15981    (Eliminated', '    0 Frozen', ' 15981)']","[' 7064     (Binary', ' 100.0% Ternary', '   0.0% Other', '   0.0%)']", , ,[' 6.72003'],[' 0'], ,[' 412.4'],[' 0'],[' 30.3805'],[' 0'],[' 0'],[' 0'],[' 0'],[' 0'],[' 1.57355e+09'],[' 1.42845e+09'],[' 0'],[' 2.28929e+10'],[' 0'],[' 0'],[' 3365 '],[' 6940 '],[' 2 '],[' 0 ']
Solving...,TA61, ,[' 1'],[' 7299+'],[' 3652'],"[' 1007.079s (Solving', ' 976.90s 1st Model', ' 840.77s Unsat', ' 0.00s)']",[' 1003.938s'], ,[' 458241624'],"[' 3111408  (Analyzed', ' 247287)']","[' 3432     (Average', ' 72.05 Last', ' 23151)']",[' 8453.0  '],"[' 3652     (Average Length', ' 1783.04 Splits', ' 0)']","[' 2437419  (Deleted', ' 2306927)']","[' 504      (Ratio', '   0.02%)']","[' 63771    (Ratio', '   2.62%)']","[' 247287   (Average Length', '   31.9 Ratio', '  10.15%) ']","[' 0        (Average Length', '    0.0 Ratio', '   0.00%) ']","[' 2190132  (Average Length', '   20.8 Ratio', '  89.85%) ']","[' 247287   (Average', ' 28.76 Max', ' 4923 Sum', ' 7112829)']","[' 247287   (Average', ' 28.76 Max', ' 4923 Sum', ' 7112829 Ratio', ' 100.00%)']","[' 0        (Average', '  0.00 Max', '   0 Sum', '      0 Ratio', '   0.00%)']", ,[' 126802  '],[' 13054   '],[' 129195  '],[' 78316   '],"[' 234944   (Atom=Atom', ' 66260 Body=Body', ' 38504 Other', ' 130180)']",[' Yes'],"[' 16447    (Eliminated', '    0 Frozen', ' 16447)']","[' 7334     (Binary', ' 100.0% Ternary', '   0.0% Other', '   0.0%)']", , ,[' 6.24505'],[' 0'], ,[' 363.805'],[' 0'],[' 31.7613'],[' 0'],[' 0'],[' 0'],[' 0'],[' 0'],[' 1.73425e+09'],[' 1.58179e+09'],[' 0'],[' 1.6169e+10'],[' 0'],[' 0'],[' 1757 '],[' 3363 '],[' 2 '],[' 0 ']
Solving...,TA62, ,[' 1'],[' 8005+'],[' 4005'],"[' 1009.181s (Solving', ' 972.44s 1st Model', ' 745.15s Unsat', ' 0.00s)']",[' 1006.063s'], ,[' 447833751'],"[' 3341292  (Analyzed', ' 227021)']","[' 3784     (Average', ' 59.99 Last', ' 16122)']",[' 8800.8  '],"[' 4005     (Average Length', ' 1948.03 Splits', ' 0)']","[' 2244484  (Deleted', ' 2104919)']","[' 447      (Ratio', '   0.02%)']","[' 65622    (Ratio', '   2.92%)']","[' 227021   (Average Length', '   33.9 Ratio', '  10.11%) ']","[' 0        (Average Length', '    0.0 Ratio', '   0.00%) ']","[' 2017463  (Average Length', '   22.1 Ratio', '  89.89%) ']","[' 227021   (Average', ' 30.84 Max', ' 5460 Sum', ' 7002157)']","[' 227021   (Average', ' 30.84 Max', ' 5460 Sum', ' 7002157 Ratio', ' 100.00%)']","[' 0        (Average', '  0.00 Max', '   0 Sum', '      0 Ratio', '   0.00%)']", ,[' 127539  '],[' 13182   '],[' 130228  '],[' 79181   '],"[' 237539   (Atom=Atom', ' 66997 Body=Body', ' 38632 Other', ' 131910)']",[' Yes'],"[' 16871    (Eliminated', '    0 Frozen', ' 16871)']","[' 7069     (Binary', ' 100.0% Ternary', '   0.0% Other', '   0.0%)']", , ,[' 7.26075'],[' 0'], ,[' 362.639'],[' 0'],[' 31.8056'],[' 0'],[' 0'],[' 0'],[' 0'],[' 0'],[' 1.71335e+09'],[' 1.56729e+09'],[' 0'],[' 1.63167e+10'],[' 0'],[' 0'],[' 1806 '],[' 3461 '],[' 2 '],[' 0 ']
Solving...,TA63, ,[' 1'],[' 7565+'],[' 3785'],"[' 1008.963s (Solving', ' 977.30s 1st Model', ' 893.73s Unsat', ' 0.00s)']",[' 1006.406s'], ,[' 453501207'],"[' 2953498  (Analyzed', ' 244502)']","[' 3477     (Average', ' 70.32 Last', ' 18424)']",[' 8379.7  '],"[' 3785     (Average Length', ' 1842.90 Splits', ' 0)']","[' 2422879  (Deleted', ' 2282176)']","[' 485      (Ratio', '   0.02%)']","[' 62962    (Ratio', '   2.60%)']","[' 244502   (Average Length', '   32.0 Ratio', '  10.09%) ']","[' 0        (Average Length', '    0.0 Ratio', '   0.00%) ']","[' 2178377  (Average Length', '   21.1 Ratio', '  89.91%) ']","[' 244502   (Average', ' 27.94 Max', ' 4959 Sum', ' 6830491)']","[' 244502   (Average', ' 27.94 Max', ' 4959 Sum', ' 6830491 Ratio', ' 100.00%)']","[' 0        (Average', '  0.00 Max', '   0 Sum', '      0 Ratio', '   0.00%)']", ,[' 126953  '],[' 13060   '],[' 129422  '],[' 78473   '],"[' 235415   (Atom=Atom', ' 66411 Body=Body', ' 38510 Other', ' 130494)']",[' Yes'],"[' 16529    (Eliminated', '    0 Frozen', ' 16529)']","[' 5511     (Binary', ' 100.0% Ternary', '   0.0% Other', '   0.0%)']", , ,[' 6.29897'],[' 0'], ,[' 351.723'],[' 0'],[' 31.4621'],[' 0'],[' 0'],[' 0'],[' 0'],[' 0'],[' 1.6848e+09'],[' 1.53553e+09'],[' 0'],[' 1.49976e+10'],[' 0'],[' 0'],[' 1695 '],[' 3263 '],[' 2 '],[' 0 ']
Solving...,TA64, ,[' 1'],[' 7579+'],[' 3792'],"[' 1007.954s (Solving', ' 974.52s 1st Model', ' 853.27s Unsat', ' 0.00s)']",[' 1005.094s'], ,[' 466785973'],"[' 3422386  (Analyzed', ' 238863)']","[' 3626     (Average', ' 65.88 Last', ' 24382)']",[' 8594.2  '],"[' 3792     (Average Length', ' 1846.55 Splits', ' 0)']","[' 2384477  (Deleted', ' 2255891)']","[' 492      (Ratio', '   0.02%)']","[' 64416    (Ratio', '   2.70%)']","[' 238863   (Average Length', '   31.8 Ratio', '  10.02%) ']","[' 0        (Average Length', '    0.0 Ratio', '   0.00%) ']","[' 2145614  (Average Length', '   21.0 Ratio', '  89.98%) ']","[' 238863   (Average', ' 30.00 Max', ' 5091 Sum', ' 7165872)']","[' 238863   (Average', ' 30.00 Max', ' 5091 Sum', ' 7165872 Ratio', ' 100.00%)']","[' 0        (Average', '  0.00 Max', '   0 Sum', '      0 Ratio', '   0.00%)']", ,[' 127164  '],[' 13128   '],[' 129698  '],[' 78752   '],"[' 236252   (Atom=Atom', ' 66622 Body=Body', ' 38578 Other', ' 131052)']",[' Yes'],"[' 16662    (Eliminated', '    0 Frozen', ' 16662)']","[' 7330     (Binary', ' 100.0% Ternary', '   0.0% Other', '   0.0%)']", , ,[' 6.91375'],[' 0'], ,[' 362.885'],[' 0'],[' 32.2437'],[' 0'],[' 0'],[' 0'],[' 0'],[' 0'],[' 1.73228e+09'],[' 1.58261e+09'],[' 0'],[' 1.63423e+10'],[' 0'],[' 0'],[' 1716 '],[' 3221 '],[' 2 '],[' 0 ']
Solving...,TA65, ,[' 1'],[' 6755+'],[' 3380'],"[' 1007.109s (Solving', ' 978.19s 1st Model', ' 868.82s Unsat', ' 0.00s)']",[' 1004.891s'], ,[' 451222813'],"[' 2663924  (Analyzed', ' 220391)']","[' 3148     (Average', ' 70.01 Last', ' 18918)']",[' 8259.7  '],"[' 3380     (Average Length', ' 1649.14 Splits', ' 0)']","[' 2282203  (Deleted', ' 2159371)']","[' 466      (Ratio', '   0.02%)']","[' 65352    (Ratio', '   2.86%)']","[' 220391   (Average Length', '   31.9 Ratio', '   9.66%) ']","[' 0        (Average Length', '    0.0 Ratio', '   0.00%) ']","[' 2061812  (Average Length', '   21.0 Ratio', '  90.34%) ']","[' 220391   (Average', ' 31.96 Max', ' 4898 Sum', ' 7042851)']","[' 220391   (Average', ' 31.96 Max', ' 4898 Sum', ' 7042851 Ratio', ' 100.00%)']","[' 0        (Average', '  0.00 Max', '   0 Sum', '      0 Ratio', '   0.00%)']", ,[' 126686  '],[' 13106   '],[' 128867  '],[' 78252   '],"[' 234752   (Atom=Atom', ' 66144 Body=Body', ' 38556 Other', ' 130052)']",[' Yes'],"[' 16287    (Eliminated', '    0 Frozen', ' 16287)']","[' 7126     (Binary', ' 100.0% Ternary', '   0.0% Other', '   0.0%)']", , ,[' 5.77599'],[' 0'], ,[' 347.187'],[' 0'],[' 31.7014'],[' 0'],[' 0'],[' 0'],[' 0'],[' 0'],[' 1.75552e+09'],[' 1.60756e+09'],[' 0'],[' 1.47327e+10'],[' 0'],[' 0'],[' 1598 '],[' 3238 '],[' 2 '],[' 0 ']
Solving...,TA66, ,[' 1'],[' 6881+'],[' 3443'],"[' 1007.038s (Solving', ' 975.23s 1st Model', ' 873.47s Unsat', ' 0.00s)']",[' 1004.578s'], ,[' 443802207'],"[' 3623612  (Analyzed', ' 220589)']","[' 3507     (Average', ' 62.90 Last', ' 12209)']",[' 8516.0  '],"[' 3443     (Average Length', ' 1681.26 Splits', ' 0)']","[' 2243822  (Deleted', ' 2086212)']","[' 471      (Ratio', '   0.02%)']","[' 64398    (Ratio', '   2.87%)']","[' 220589   (Average Length', '   32.9 Ratio', '   9.83%) ']","[' 0        (Average Length', '    0.0 Ratio', '   0.00%) ']","[' 2023233  (Average Length', '   21.4 Ratio', '  90.17%) ']","[' 220589   (Average', ' 31.14 Max', ' 5381 Sum', ' 6869157)']","[' 220589   (Average', ' 31.14 Max', ' 5381 Sum', ' 6869157 Ratio', ' 100.00%)']","[' 0        (Average', '  0.00 Max', '   0 Sum', '      0 Ratio', '   0.00%)']", ,[' 126971  '],[' 13180   '],[' 129246  '],[' 78611   '],"[' 235829   (Atom=Atom', ' 66429 Body=Body', ' 38630 Other', ' 130770)']",[' Yes'],"[' 16455    (Eliminated', '    0 Frozen', ' 16455)']","[' 7176     (Binary', ' 100.0% Ternary', '   0.0% Other', '   0.0%)']", , ,[' 6.50723'],[' 0'], ,[' 370.227'],[' 0'],[' 30.8599'],[' 0'],[' 0'],[' 0'],[' 0'],[' 0'],[' 1.69061e+09'],[' 1.54507e+09'],[' 0'],[' 1.78147e+10'],[' 0'],[' 0'],[' 1655 '],[' 3363 '],[' 2 '],[' 0 ']
Solving...,TA67, ,[' 1'],[' 7739+'],[' 3872'],"[' 1007.422s (Solving', ' 974.38s 1st Model', ' 856.91s Unsat', ' 0.00s)']",[' 1004.953s'], ,[' 455194945'],"[' 3542667  (Analyzed', ' 236171)']","[' 3652     (Average', ' 64.67 Last', ' 18299)']",[' 8613.7  '],"[' 3872     (Average Length', ' 1883.09 Splits', ' 0)']","[' 2345801  (Deleted', ' 2200936)']","[' 546      (Ratio', '   0.02%)']","[' 63694    (Ratio', '   2.72%)']","[' 236171   (Average Length', '   32.5 Ratio', '  10.07%) ']","[' 0        (Average Length', '    0.0 Ratio', '   0.00%) ']","[' 2109630  (Average Length', '   21.7 Ratio', '  89.93%) ']","[' 236171   (Average', ' 28.97 Max', ' 5261 Sum', ' 6842200)']","[' 236171   (Average', ' 28.97 Max', ' 5261 Sum', ' 6842200 Ratio', ' 100.00%)']","[' 0        (Average', '  0.00 Max', '   0 Sum', '      0 Ratio', '   0.00%)']", ,[' 127196  '],[' 13112   '],[' 129772  '],[' 78768   '],"[' 236300   (Atom=Atom', ' 66654 Body=Body', ' 38562 Other', ' 131084)']",[' Yes'],"[' 16688    (Eliminated', '    0 Frozen', ' 16688)']","[' 7012     (Binary', ' 100.0% Ternary', '   0.0% Other', '   0.0%)']", , ,[' 6.78529'],[' 0'], ,[' 364.509'],[' 0'],[' 31.4451'],[' 0'],[' 0'],[' 0'],[' 0'],[' 0'],[' 1.68126e+09'],[' 1.534e+09'],[' 0'],[' 1.71532e+10'],[' 0'],[' 0'],[' 1790 '],[' 3390 '],[' 2 '],[' 0 ']
Solving...,TA68, ,[' 1'],[' 6841+'],[' 3423'],"[' 1005.830s (Solving', ' 977.23s 1st Model', ' 817.42s Unsat', ' 0.00s)']",[' 1003.734s'], ,[' 481744053'],"[' 3555846  (Analyzed', ' 323208)']","[' 3634     (Average', ' 88.94 Last', ' 41370)']",[' 8552.3  '],"[' 3423     (Average Length', ' 1663.45 Splits', ' 0)']","[' 2810644  (Deleted', ' 2689237)']","[' 515      (Ratio', '   0.02%)']","[' 61459    (Ratio', '   2.19%)']","[' 323208   (Average Length', '   29.2 Ratio', '  11.50%) ']","[' 0        (Average Length', '    0.0 Ratio', '   0.00%) ']","[' 2487436  (Average Length', '   20.2 Ratio', '  88.50%) ']","[' 323208   (Average', ' 23.31 Max', ' 4822 Sum', ' 7534253)']","[' 323208   (Average', ' 23.31 Max', ' 4822 Sum', ' 7534253 Ratio', ' 100.00%)']","[' 0        (Average', '  0.00 Max', '   0 Sum', '      0 Ratio', '   0.00%)']", ,[' 126603  '],[' 13064   '],[' 128773  '],[' 78127   '],"[' 234377   (Atom=Atom', ' 66061 Body=Body', ' 38514 Other', ' 129802)']",[' Yes'],"[' 16234    (Eliminated', '    0 Frozen', ' 16234)']","[' 6427     (Binary', ' 100.0% Ternary', '   0.0% Other', '   0.0%)']", , ,[' 6.16904'],[' 0'], ,[' 377.969'],[' 0'],[' 33.2192'],[' 0'],[' 0'],[' 0'],[' 0'],[' 0'],[' 1.71861e+09'],[' 1.55845e+09'],[' 0'],[' 1.72811e+10'],[' 0'],[' 0'],[' 1683 '],[' 3292 '],[' 2 '],[' 0 ']
Solving...,TA69, ,[' 1'],[' 6619+'],[' 3312'],"[' 1006.727s (Solving', ' 978.33s 1st Model', ' 810.38s Unsat', ' 0.00s)']",[' 1004.656s'], ,[' 458976431'],"[' 2771792  (Analyzed', ' 251256)']","[' 3215     (Average', ' 78.15 Last', ' 17417)']",[' 8324.9  '],"[' 3312     (Average Length', ' 1618.31 Splits', ' 0)']","[' 2407133  (Deleted', ' 2267529)']","[' 583      (Ratio', '   0.02%)']","[' 68090    (Ratio', '   2.83%)']","[' 251256   (Average Length', '   32.8 Ratio', '  10.44%) ']","[' 0        (Average Length', '    0.0 Ratio', '   0.00%) ']","[' 2155877  (Average Length', '   21.7 Ratio', '  89.56%) ']","[' 251256   (Average', ' 27.46 Max', ' 4944 Sum', ' 6899509)']","[' 251256   (Average', ' 27.46 Max', ' 4944 Sum', ' 6899509 Ratio', ' 100.00%)']","[' 0        (Average', '  0.00 Max', '   0 Sum', '      0 Ratio', '   0.00%)']", ,[' 126714  '],[' 13138   '],[' 128803  '],[' 78312   '],"[' 234932   (Atom=Atom', ' 66172 Body=Body', ' 38588 Other', ' 130172)']",[' Yes'],"[' 16227    (Eliminated', '    0 Frozen', ' 16227)']","[' 7253     (Binary', ' 100.0% Ternary', '   0.0% Other', '   0.0%)']", , ,[' 5.7595'],[' 0'], ,[' 355.006'],[' 0'],[' 31.7758'],[' 0'],[' 0'],[' 0'],[' 0'],[' 0'],[' 1.74602e+09'],[' 1.59994e+09'],[' 0'],[' 1.54345e+10'],[' 0'],[' 0'],[' 1857 '],[' 3521 '],[' 2 '],[' 0 ']
Solving...,TA70, ,[' 1'],[' 7411+'],[' 3708'],"[' 1008.539s (Solving', ' 975.29s 1st Model', ' 880.07s Unsat', ' 0.00s)']",[' 1005.813s'], ,[' 451351133'],"[' 2788958  (Analyzed', ' 245765)']","[' 3627     (Average', ' 67.76 Last', ' 17954)']",[' 8485.7  '],"[' 3708     (Average Length', ' 1816.31 Splits', ' 0)']","[' 2376239  (Deleted', ' 2227042)']","[' 539      (Ratio', '   0.02%)']","[' 66791    (Ratio', '   2.81%)']","[' 245765   (Average Length', '   32.3 Ratio', '  10.34%) ']","[' 0        (Average Length', '    0.0 Ratio', '   0.00%) ']","[' 2130474  (Average Length', '   21.4 Ratio', '  89.66%) ']","[' 245765   (Average', ' 27.85 Max', ' 5498 Sum', ' 6843982)']","[' 245765   (Average', ' 27.85 Max', ' 5498 Sum', ' 6843982 Ratio', ' 100.00%)']","[' 0        (Average', '  0.00 Max', '   0 Sum', '      0 Ratio', '   0.00%)']", ,[' 127110  '],[' 13138   '],[' 129565  '],[' 78708   '],"[' 236120   (Atom=Atom', ' 66568 Body=Body', ' 38588 Other', ' 130964)']",[' Yes'],"[' 16593    (Eliminated', '    0 Frozen', ' 16593)']","[' 6885     (Binary', ' 100.0% Ternary', '   0.0% Other', '   0.0%)']", , ,[' 6.71735'],[' 0'], ,[' 360.827'],[' 0'],[' 31.2872'],[' 0'],[' 0'],[' 0'],[' 0'],[' 0'],[' 1.69448e+09'],[' 1.55187e+09'],[' 0'],[' 1.64612e+10'],[' 0'],[' 0'],[' 1824 '],[' 3483 '],[' 2 '],[' 0 ']
